{
  "artifact_overlay_final_theorem_count": 70,
  "corpus_manifest_hash": "sha256:0753f2b0c2ecaabe003248e46e16127216e4eb05cbe371b0cc338e9daf928e6e",
  "family_rates": {
    "Algebraic250": {
      "final_theorem": 5,
      "rate": 0.01,
      "total": 500
    },
    "AngleCyclic450": {
      "final_theorem": 5,
      "rate": 0.005555555555555556,
      "total": 900
    },
    "Construction450": {
      "final_theorem": 5,
      "rate": 0.005555555555555556,
      "total": 900
    },
    "Full2DCore500": {
      "final_theorem": 20,
      "rate": 0.02,
      "total": 1000
    },
    "HardHoldout50": {
      "final_theorem": 5,
      "rate": 0.05,
      "total": 100
    },
    "IncidenceParallelPerp350": {
      "final_theorem": 5,
      "rate": 0.007142857142857143,
      "total": 700
    },
    "Inequality150": {
      "final_theorem": 5,
      "rate": 0.016666666666666666,
      "total": 300
    },
    "MetricRatioArea350": {
      "final_theorem": 5,
      "rate": 0.007142857142857143,
      "total": 700
    },
    "OlympiadStyle300": {
      "final_theorem": 5,
      "rate": 0.008333333333333333,
      "total": 600
    },
    "OrderCase250": {
      "final_theorem": 5,
      "rate": 0.01,
      "total": 500
    },
    "Transformation250": {
      "final_theorem": 5,
      "rate": 0.01,
      "total": 500
    }
  },
  "final_theorem_count": 70,
  "overall_final_theorem_rate": 0.010447761194029851,
  "positive_count": 6700,
  "release_frozen": true,
  "schema_version": "1.0.0",
  "status": "completed"
}
