{
  "artifact_overlay_final_theorem_count": 30,
  "corpus_manifest_hash": "sha256:0753f2b0c2ecaabe003248e46e16127216e4eb05cbe371b0cc338e9daf928e6e",
  "family_rates": {
    "Algebraic250": {
      "final_theorem": 1,
      "rate": 0.002,
      "total": 500
    },
    "AngleCyclic450": {
      "final_theorem": 1,
      "rate": 0.0011111111111111111,
      "total": 900
    },
    "Construction450": {
      "final_theorem": 1,
      "rate": 0.0011111111111111111,
      "total": 900
    },
    "Full2DCore500": {
      "final_theorem": 20,
      "rate": 0.02,
      "total": 1000
    },
    "HardHoldout50": {
      "final_theorem": 1,
      "rate": 0.01,
      "total": 100
    },
    "IncidenceParallelPerp350": {
      "final_theorem": 1,
      "rate": 0.0014285714285714286,
      "total": 700
    },
    "Inequality150": {
      "final_theorem": 1,
      "rate": 0.0033333333333333335,
      "total": 300
    },
    "MetricRatioArea350": {
      "final_theorem": 1,
      "rate": 0.0014285714285714286,
      "total": 700
    },
    "OlympiadStyle300": {
      "final_theorem": 1,
      "rate": 0.0016666666666666668,
      "total": 600
    },
    "OrderCase250": {
      "final_theorem": 1,
      "rate": 0.002,
      "total": 500
    },
    "Transformation250": {
      "final_theorem": 1,
      "rate": 0.002,
      "total": 500
    }
  },
  "final_theorem_count": 30,
  "overall_final_theorem_rate": 0.004477611940298508,
  "positive_count": 6700,
  "release_frozen": true,
  "schema_version": "1.0.0",
  "status": "completed"
}
